__sample_id__,__target__,X1,X2,X3,X4,X5,X6,X7,X8,X9,X10,X11,X12,X13,X14
credit_000000,0,1.0,-0.7494737,-0.1814286,0.0,-0.5384615,-0.25,-0.8887719,-1.0,-1.0,-1.0,1.0,0.0,-0.9,-0.97576
credit_000001,0,-1.0,-0.7317293,-0.5,0.0,0.07692308,-0.25,-0.9884211,-1.0,-1.0,-1.0,-1.0,0.0,-0.84,-1.0
credit_000002,0,-1.0,-0.5239098,-0.875,-1.0,-0.5384615,-0.25,-0.9122807,-1.0,-1.0,-1.0,1.0,0.0,-0.72,-1.0
credit_000003,1,-1.0,-0.7618045,-0.1785714,-1.0,-0.3846154,-0.5,-1.0,1.0,1.0,-0.6716418,1.0,0.0,-1.0,-1.0
credit_000004,1,1.0,-0.8069173,-0.4164286,0.0,-0.2307692,-0.25,-0.8624561,1.0,1.0,-0.5820896,-1.0,0.0,-0.94,-0.99684
