{
  "class_balance": {
    "overall_positive_rate": 0.08518518518518518,
    "test_positive_rate": 0.10714285714285714,
    "train_positive_rate": 0.08352668213457076,
    "valid_positive_rate": 0.07547169811320754
  },
  "dataset_name": "climate",
  "n_samples": 540,
  "repeat_id": 0,
  "seed": 0,
  "split_ratios": {
    "test": 0.1,
    "train": 0.8,
    "valid": 0.1
  },
  "test_idx": [
    153,
    80,
    64,
    106,
    214,
    349,
    351,
    364,
    87,
    299,
    232,
    75,
    319,
    92,
    53,
    514,
    297,
    320,
    142,
    366,
    456,
    527,
    318,
    347,
    462,
    385,
    532,
    140,
    405,
    413,
    465,
    61,
    265,
    338,
    84,
    207,
    488,
    190,
    346,
    31,
    266,
    135,
    387,
    129,
    198,
    113,
    118,
    333,
    8,
    290,
    478,
    504,
    464,
    312,
    210,
    516
  ],
  "test_sample_ids": [
    "climate_000153",
    "climate_000080",
    "climate_000064",
    "climate_000106",
    "climate_000214",
    "climate_000349",
    "climate_000351",
    "climate_000364",
    "climate_000087",
    "climate_000299",
    "climate_000232",
    "climate_000075",
    "climate_000319",
    "climate_000092",
    "climate_000053",
    "climate_000514",
    "climate_000297",
    "climate_000320",
    "climate_000142",
    "climate_000366",
    "climate_000456",
    "climate_000527",
    "climate_000318",
    "climate_000347",
    "climate_000462",
    "climate_000385",
    "climate_000532",
    "climate_000140",
    "climate_000405",
    "climate_000413",
    "climate_000465",
    "climate_000061",
    "climate_000265",
    "climate_000338",
    "climate_000084",
    "climate_000207",
    "climate_000488",
    "climate_000190",
    "climate_000346",
    "climate_000031",
    "climate_000266",
    "climate_000135",
    "climate_000387",
    "climate_000129",
    "climate_000198",
    "climate_000113",
    "climate_000118",
    "climate_000333",
    "climate_000008",
    "climate_000290",
    "climate_000478",
    "climate_000504",
    "climate_000464",
    "climate_000312",
    "climate_000210",
    "climate_000516"
  ],
  "train_idx": [
    302,
    359,
    431,
    470,
    131,
    238,
    360,
    221,
    395,
    139,
    534,
    459,
    418,
    371,
    460,
    536,
    397,
    77,
    231,
    410,
    352,
    46,
    32,
    436,
    498,
    489,
    202,
    159,
    239,
    201,
    138,
    273,
    392,
    39,
    67,
    278,
    93,
    147,
    6,
    114,
    57,
    447,
    316,
    450,
    483,
    481,
    327,
    502,
    285,
    485,
    425,
    475,
    226,
    289,
    249,
    304,
    317,
    60,
    526,
    512,
    71,
    143,
    212,
    358,
    0,
    515,
    35,
    105,
    454,
    78,
    127,
    117,
    30,
    404,
    177,
    228,
    367,
    524,
    132,
    284,
    533,
    362,
    16,
    189,
    331,
    344,
    449,
    154,
    476,
    102,
    181,
    309,
    200,
    47,
    522,
    174,
    479,
    370,
    258,
    293,
    219,
    523,
    457,
    455,
    14,
    18,
    235,
    37,
    394,
    281,
    267,
    86,
    276,
    76,
    301,
    243,
    451,
    73,
    511,
    322,
    2,
    220,
    296,
    100,
    96,
    38,
    69,
    260,
    110,
    403,
    283,
    205,
    120,
    474,
    196,
    292,
    54,
    29,
    311,
    269,
    186,
    383,
    62,
    377,
    499,
    330,
    225,
    280,
    192,
    52,
    136,
    91,
    477,
    250,
    58,
    218,
    167,
    500,
    343,
    277,
    373,
    313,
    466,
    13,
    361,
    279,
    20,
    294,
    484,
    508,
    44,
    389,
    326,
    59,
    151,
    63,
    213,
    506,
    415,
    325,
    42,
    300,
    208,
    306,
    51,
    492,
    414,
    166,
    237,
    341,
    195,
    40,
    408,
    171,
    170,
    230,
    426,
    437,
    82,
    444,
    158,
    334,
    185,
    274,
    528,
    259,
    10,
    141,
    357,
    163,
    116,
    229,
    399,
    94,
    5,
    428,
    255,
    379,
    324,
    25,
    472,
    152,
    223,
    407,
    480,
    368,
    169,
    176,
    165,
    21,
    420,
    469,
    33,
    99,
    446,
    15,
    401,
    530,
    340,
    272,
    70,
    376,
    314,
    137,
    381,
    119,
    89,
    252,
    423,
    486,
    162,
    271,
    342,
    193,
    422,
    36,
    150,
    384,
    145,
    12,
    400,
    98,
    157,
    263,
    291,
    494,
    468,
    124,
    66,
    402,
    434,
    19,
    525,
    378,
    429,
    430,
    396,
    188,
    222,
    125,
    233,
    112,
    172,
    308,
    253,
    337,
    216,
    178,
    365,
    493,
    473,
    49,
    108,
    372,
    74,
    268,
    203,
    345,
    123,
    507,
    445,
    245,
    55,
    173,
    85,
    275,
    416,
    50,
    101,
    380,
    79,
    179,
    204,
    128,
    409,
    11,
    419,
    148,
    3,
    382,
    121,
    251,
    227,
    412,
    199,
    438,
    109,
    126,
    134,
    248,
    307,
    81,
    321,
    497,
    115,
    440,
    133,
    353,
    95,
    45,
    7,
    356,
    390,
    424,
    104,
    156,
    443,
    375,
    56,
    241,
    303,
    510,
    103,
    194,
    417,
    529,
    503,
    9,
    363,
    520,
    295,
    538,
    182,
    254,
    298,
    369,
    215,
    441,
    282,
    17,
    539,
    27,
    246,
    336,
    180,
    323,
    482,
    286,
    187,
    146,
    517,
    490,
    107,
    537,
    209,
    34,
    328,
    261,
    491,
    393,
    386,
    411,
    224,
    244,
    234,
    191,
    442,
    41,
    155,
    43,
    256,
    513,
    197,
    28,
    22,
    168,
    448,
    240,
    406,
    329,
    521,
    1,
    391,
    495,
    433,
    111,
    144,
    247,
    257,
    505,
    432,
    130,
    161,
    463,
    348,
    288,
    388,
    518,
    435,
    335,
    509
  ],