{
  "class_balance": {
    "overall_positive_rate": 0.08518518518518518,
    "test_positive_rate": 0.10714285714285714,
    "train_positive_rate": 0.08352668213457076,
    "valid_positive_rate": 0.07547169811320754
  },
  "dataset_name": "climate",
  "n_samples": 540,
  "repeat_id": 2,
  "seed": 2,
  "split_ratios": {
    "test": 0.1,
    "train": 0.8,
    "valid": 0.1
  },
  "test_idx": [
    497,
    217,
    18,
    50,
    302,
    143,
    238,
    70,
    208,
    308,
    153,
    391,
    111,
    63,
    264,
    460,
    378,
    66,
    227,
    26,
    108,
    376,
    417,
    360,
    249,
    423,
    500,
    179,
    468,
    220,
    137,
    64,
    213,
    536,
    510,
    452,
    86,
    205,
    284,
    384,
    318,
    39,
    317,
    258,
    233,
    253,
    136,
    372,
    339,
    211,
    123,
    474,
    120,
    232,
    402,
    119
  ],
  "test_sample_ids": [
    "climate_000497",
    "climate_000217",
    "climate_000018",
    "climate_000050",
    "climate_000302",
    "climate_000143",
    "climate_000238",
    "climate_000070",
    "climate_000208",
    "climate_000308",
    "climate_000153",
    "climate_000391",
    "climate_000111",
    "climate_000063",
    "climate_000264",
    "climate_000460",
    "climate_000378",
    "climate_000066",
    "climate_000227",
    "climate_000026",
    "climate_000108",
    "climate_000376",
    "climate_000417",
    "climate_000360",
    "climate_000249",
    "climate_000423",
    "climate_000500",
    "climate_000179",
    "climate_000468",
    "climate_000220",
    "climate_000137",
    "climate_000064",
    "climate_000213",
    "climate_000536",
    "climate_000510",
    "climate_000452",
    "climate_000086",
    "climate_000205",
    "climate_000284",
    "climate_000384",
    "climate_000318",
    "climate_000039",
    "climate_000317",
    "climate_000258",
    "climate_000233",
    "climate_000253",
    "climate_000136",
    "climate_000372",
    "climate_000339",
    "climate_000211",
    "climate_000123",
    "climate_000474",
    "climate_000120",
    "climate_000232",
    "climate_000402",
    "climate_000119"
  ],
  "train_idx": [
    444,
    169,
    333,
    537,
    162,
    234,
    518,
    30,
    195,
    399,
    65,
    275,
    507,
    425,
    479,
    135,
    125,
    122,
    142,
    104,
    20,
    315,
    307,
    388,
    398,
    270,
    164,
    124,
    3,
    485,
    528,
    163,
    393,
    506,
    350,
    353,
    100,
    351,
    273,
    354,
    502,
    87,
    440,
    103,
    198,
    131,
    290,
    314,
    134,
    110,
    133,
    56,
    278,
    172,
    473,
    438,
    9,
    489,
    334,
    61,
    519,
    191,
    383,
    392,
    432,
    67,
    145,
    481,
    498,
    404,
    286,
    531,
    10,
    53,
    254,
    450,
    418,
    102,
    525,
    47,
    182,
    371,
    374,
    140,
    455,
    88,
    194,
    463,
    19,
    330,
    240,
    332,
    141,
    324,
    508,
    357,
    277,
    25,
    451,
    5,
    358,
    369,
    295,
    441,
    454,
    106,
    222,
    534,
    379,
    443,
    252,
    400,
    219,
    509,
    471,
    436,
    304,
    203,
    177,
    389,
    410,
    209,
    228,
    373,
    394,
    458,
    300,
    107,
    521,
    349,
    274,
    535,
    170,
    257,
    437,
    101,
    362,
    15,
    132,
    29,
    247,
    81,
    116,
    109,
    34,
    221,
    112,
    129,
    128,
    144,
    138,
    32,
    414,
    266,
    271,
    421,
    529,
    200,
    306,
    448,
    309,
    329,
    272,
    75,
    426,
    513,
    72,
    303,
    476,
    189,
    226,
    482,
    89,
    405,
    224,
    419,
    366,
    385,
    52,
    57,
    27,
    477,
    319,
    445,
    187,
    512,
    2,
    263,
    118,
    361,
    48,
    503,
    514,
    530,
    242,
    8,
    539,
    146,
    83,
    255,
    197,
    429,
    165,
    229,
    310,
    428,
    43,
    154,
    45,
    347,
    98,
    469,
    522,
    435,
    387,
    207,
    130,
    251,
    235,
    520,
    24,
    262,
    105,
    411,
    147,
    486,
    340,
    84,
    344,
    293,
    11,
    259,
    424,
    176,
    126,
    483,
    298,
    193,
    16,
    245,
    499,
    127,
    267,
    250,
    367,
    90,
    201,
    407,
    532,
    326,
    149,
    186,
    91,
    181,
    160,
    248,
    223,
    355,
    190,
    288,
    178,
    216,
    323,
    60,
    175,
    174,
    415,
    49,
    95,
    196,
    322,
    281,
    7,
    490,
    472,
    256,
    504,
    294,
    62,
    28,
    121,
    157,
    526,
    301,
    478,
    192,
    501,
    538,
    386,
    523,
    515,
    446,
    173,
    480,
    13,
    412,
    215,
    395,
    73,
    403,
    161,
    408,
    76,
    401,
    397,
    447,
    409,
    241,
    21,
    487,
    58,
    464,
    533,
    54,
    511,
    495,
    296,
    41,
    283,
    55,
    342,
    218,
    470,
    285,
    325,
    493,
    312,
    457,
    449,
    14,
    328,
    35,
    71,
    494,
    336,
    364,
    168,
    466,
    467,
    337,
    331,
    287,
    327,
    159,
    356,
    431,
    276,
    517,
    375,
    206,
    0,
    475,
    505,
    225,
    185,
    243,
    406,
    465,
    422,
    236,
    82,
    51,
    299,
    158,
    396,
    382,
    59,
    427,
    280,
    155,
    33,
    338,
    390,
    346,
    94,
    261,
    96,
    93,
    420,
    416,
    363,
    97,
    516,
    151,
    150,
    492,
    488,
    37,
    40,
    321,
    313,
    439,
    359,
    430,
    78,
    1,
    456,
    260,
    214,
    265,
    239,
    204,
    305,
    434,
    491,
    527,
    156,
    77,
    237,
    166,
    341,
    231,
    311,
    6,
    268,
    413,
    17,
    148,
    269,
    433,
    442,
    38,
    370,
    31,
    335,
    114,
    42,
    199,
    85,
    202,
    291
  ],