{
  "class_balance": {
    "overall_positive_rate": 0.08518518518518518,
    "test_positive_rate": 0.10714285714285714,
    "train_positive_rate": 0.08352668213457076,
    "valid_positive_rate": 0.07547169811320754
  },
  "dataset_name": "climate",
  "n_samples": 540,
  "repeat_id": 3,
  "seed": 3,
  "split_ratios": {
    "test": 0.1,
    "train": 0.8,
    "valid": 0.1
  },
  "test_idx": [
    521,
    337,
    301,
    92,
    224,
    320,
    276,
    80,
    9,
    208,
    256,
    217,
    312,
    116,
    293,
    166,
    16,
    177,
    65,
    403,
    497,
    59,
    288,
    88,
    394,
    362,
    323,
    298,
    407,
    109,
    364,
    167,
    299,
    42,
    378,
    290,
    430,
    464,
    526,
    219,
    530,
    347,
    282,
    334,
    274,
    161,
    369,
    76,
    180,
    376,
    271,
    349,
    31,
    63,
    165,
    123
  ],
  "test_sample_ids": [
    "climate_000521",
    "climate_000337",
    "climate_000301",
    "climate_000092",
    "climate_000224",
    "climate_000320",
    "climate_000276",
    "climate_000080",
    "climate_000009",
    "climate_000208",
    "climate_000256",
    "climate_000217",
    "climate_000312",
    "climate_000116",
    "climate_000293",
    "climate_000166",
    "climate_000016",
    "climate_000177",
    "climate_000065",
    "climate_000403",
    "climate_000497",
    "climate_000059",
    "climate_000288",
    "climate_000088",
    "climate_000394",
    "climate_000362",
    "climate_000323",
    "climate_000298",
    "climate_000407",
    "climate_000109",
    "climate_000364",
    "climate_000167",
    "climate_000299",
    "climate_000042",
    "climate_000378",
    "climate_000290",
    "climate_000430",
    "climate_000464",
    "climate_000526",
    "climate_000219",
    "climate_000530",
    "climate_000347",
    "climate_000282",
    "climate_000334",
    "climate_000274",
    "climate_000161",
    "climate_000369",
    "climate_000076",
    "climate_000180",
    "climate_000376",
    "climate_000271",
    "climate_000349",
    "climate_000031",
    "climate_000063",
    "climate_000165",
    "climate_000123"
  ],
  "train_idx": [
    67,
    186,
    534,
    523,
    373,
    477,
    29,
    49,
    480,
    23,
    172,
    3,
    233,
    424,
    111,
    356,
    4,
    1,
    6,
    279,
    387,
    30,
    423,
    149,
    107,
    289,
    268,
    100,
    395,
    438,
    55,
    221,
    425,
    241,
    243,
    302,
    85,
    525,
    117,
    169,
    252,
    471,
    352,
    150,
    159,
    415,
    354,
    455,
    363,
    392,
    196,
    222,
    426,
    342,
    36,
    481,
    21,
    310,
    469,
    313,
    254,
    122,
    512,
    280,
    308,
    442,
    418,
    501,
    417,
    413,
    232,
    419,
    445,
    143,
    441,
    500,
    105,
    483,
    57,
    183,
    194,
    60,
    32,
    129,
    405,
    264,
    402,
    263,
    434,
    171,
    45,
    114,
    155,
    64,
    374,
    314,
    450,
    475,
    436,
    192,
    377,
    539,
    371,
    509,
    432,
    185,
    375,
    2,
    306,
    20,
    145,
    318,
    94,
    353,
    26,
    536,
    292,
    321,
    70,
    135,
    495,
    297,
    367,
    345,
    322,
    468,
    311,
    372,
    89,
    532,
    91,
    444,
    259,
    210,
    223,
    56,
    132,
    382,
    203,
    200,
    462,
    294,
    454,
    358,
    17,
    291,
    27,
    147,
    487,
    156,
    531,
    273,
    131,
    174,
    35,
    204,
    496,
    195,
    325,
    359,
    383,
    82,
    138,
    160,
    96,
    153,
    216,
    315,
    416,
    152,
    446,
    39,
    146,
    84,
    137,
    386,
    400,
    193,
    255,
    130,
    164,
    253,
    366,
    319,
    472,
    360,
    514,
    102,
    46,
    113,
    97,
    48,
    44,
    118,
    24,
    341,
    53,
    128,
    265,
    266,
    404,
    52,
    408,
    285,
    278,
    412,
    13,
    179,
    215,
    503,
    397,
    440,
    303,
    344,
    295,
    396,
    473,
    182,
    348,
    513,
    515,
    269,
    287,
    272,
    141,
    420,
    422,
    370,
    309,
    249,
    250,
    225,
    66,
    351,
    453,
    50,
    226,
    391,
    304,
    157,
    410,
    198,
    170,
    478,
    465,
    346,
    522,
    435,
    139,
    236,
    262,
    61,
    452,
    460,
    458,
    191,
    121,
    158,
    329,
    134,
    7,
    332,
    355,
    474,
    242,
    518,
    411,
    421,
    246,
    493,
    72,
    485,
    127,
    41,
    201,
    451,
    12,
    98,
    125,
    537,
    437,
    126,
    189,
    176,
    484,
    37,
    213,
    406,
    103,
    168,
    258,
    99,
    516,
    54,
    69,
    439,
    286,
    244,
    25,
    206,
    218,
    385,
    181,
    520,
    389,
    74,
    296,
    144,
    284,
    104,
    331,
    77,
    510,
    261,
    459,
    529,
    235,
    307,
    456,
    62,
    488,
    119,
    184,
    78,
    15,
    75,
    502,
    148,
    519,
    533,
    247,
    34,
    399,
    8,
    429,
    433,
    239,
    333,
    120,
    476,
    498,
    381,
    95,
    212,
    447,
    463,
    281,
    335,
    18,
    71,
    409,
    209,
    338,
    202,
    470,
    58,
    506,
    10,
    379,
    205,
    115,
    431,
    214,
    324,
    227,
    494,
    230,
    248,
    507,
    390,
    154,
    330,
    68,
    211,
    414,
    162,
    328,
    260,
    136,
    151,
    229,
    90,
    461,
    277,
    505,
    234,
    14,
    124,
    467,
    187,
    33,
    110,
    28,
    163,
    490,
    93,
    449,
    79,
    19,
    231,
    317,
    524,
    300,
    199,
    270,
    190,
    535,
    339,
    22,
    0,
    479,
    237,
    357,
    188,
    305,
    528,
    81,
    443,
    327,
    251,
    361,
    350,
    257,
    112,
    175,
    73,
    245,
    86,
    240,
    178,
    38
  ],