{
  "class_balance": {
    "overall_positive_rate": 0.08518518518518518,
    "test_positive_rate": 0.10714285714285714,
    "train_positive_rate": 0.08352668213457076,
    "valid_positive_rate": 0.07547169811320754
  },
  "dataset_name": "climate",
  "n_samples": 540,
  "repeat_id": 1,
  "seed": 1,
  "split_ratios": {
    "test": 0.1,
    "train": 0.8,
    "valid": 0.1
  },
  "test_idx": [
    357,
    14,
    130,
    132,
    13,
    144,
    533,
    527,
    173,
    510,
    282,
    374,
    440,
    283,
    360,
    230,
    83,
    536,
    86,
    210,
    190,
    455,
    323,
    50,
    58,
    45,
    516,
    79,
    482,
    508,
    189,
    526,
    64,
    430,
    147,
    493,
    507,
    383,
    227,
    168,
    391,
    338,
    163,
    196,
    3,
    115,
    461,
    185,
    110,
    53,
    272,
    268,
    294,
    337,
    43,
    133
  ],
  "test_sample_ids": [
    "climate_000357",
    "climate_000014",
    "climate_000130",
    "climate_000132",
    "climate_000013",
    "climate_000144",
    "climate_000533",
    "climate_000527",
    "climate_000173",
    "climate_000510",
    "climate_000282",
    "climate_000374",
    "climate_000440",
    "climate_000283",
    "climate_000360",
    "climate_000230",
    "climate_000083",
    "climate_000536",
    "climate_000086",
    "climate_000210",
    "climate_000190",
    "climate_000455",
    "climate_000323",
    "climate_000050",
    "climate_000058",
    "climate_000045",
    "climate_000516",
    "climate_000079",
    "climate_000482",
    "climate_000508",
    "climate_000189",
    "climate_000526",
    "climate_000064",
    "climate_000430",
    "climate_000147",
    "climate_000493",
    "climate_000507",
    "climate_000383",
    "climate_000227",
    "climate_000168",
    "climate_000391",
    "climate_000338",
    "climate_000163",
    "climate_000196",
    "climate_000003",
    "climate_000115",
    "climate_000461",
    "climate_000185",
    "climate_000110",
    "climate_000053",
    "climate_000272",
    "climate_000268",
    "climate_000294",
    "climate_000337",
    "climate_000043",
    "climate_000133"
  ],
  "train_idx": [
    275,
    384,
    341,
    162,
    365,
    285,
    1,
    25,
    266,
    379,
    397,
    459,
    131,
    263,
    436,
    403,
    250,
    514,
    231,
    41,
    368,
    373,
    352,
    120,
    409,
    219,
    339,
    288,
    280,
    314,
    345,
    36,
    244,
    235,
    31,
    77,
    65,
    23,
    265,
    358,
    479,
    33,
    204,
    71,
    370,
    291,
    438,
    37,
    444,
    154,
    30,
    57,
    160,
    172,
    471,
    427,
    203,
    81,
    251,
    135,
    103,
    179,
    19,
    42,
    313,
    354,
    408,
    161,
    32,
    277,
    415,
    381,
    499,
    34,
    398,
    476,
    158,
    390,
    497,
    166,
    99,
    200,
    328,
    331,
    233,
    183,
    61,
    205,
    208,
    176,
    248,
    119,
    322,
    104,
    137,
    142,
    454,
    89,
    463,
    220,
    298,
    134,
    247,
    39,
    156,
    434,
    141,
    213,
    169,
    11,
    256,
    84,
    532,
    222,
    180,
    289,
    262,
    100,
    187,
    351,
    69,
    114,
    295,
    7,
    535,
    451,
    411,
    539,
    449,
    335,
    10,
    487,
    404,
    423,
    6,
    503,
    330,
    67,
    431,
    109,
    0,
    426,
    211,
    29,
    529,
    26,
    111,
    312,
    254,
    417,
    38,
    177,
    380,
    377,
    494,
    253,
    121,
    361,
    47,
    140,
    198,
    395,
    524,
    127,
    488,
    232,
    306,
    8,
    108,
    159,
    199,
    470,
    513,
    63,
    237,
    420,
    342,
    155,
    16,
    343,
    317,
    346,
    519,
    506,
    75,
    59,
    495,
    148,
    538,
    509,
    52,
    443,
    316,
    193,
    76,
    412,
    72,
    422,
    456,
    452,
    62,
    82,
    327,
    429,
    432,
    336,
    475,
    473,
    165,
    315,
    223,
    296,
    54,
    530,
    87,
    22,
    310,
    107,
    481,
    425,
    197,
    324,
    226,
    143,
    435,
    528,
    117,
    362,
    91,
    537,
    348,
    88,
    92,
    105,
    320,
    521,
    170,
    401,
    146,
    269,
    202,
    255,
    171,
    349,
    281,
    98,
    28,
    216,
    221,
    468,
    359,
    48,
    355,
    56,
    347,
    505,
    40,
    271,
    101,
    264,
    474,
    402,
    125,
    293,
    252,
    122,
    433,
    188,
    419,
    206,
    242,
    167,
    405,
    309,
    145,
    181,
    446,
    18,
    304,
    378,
    413,
    234,
    472,
    80,
    305,
    340,
    243,
    15,
    24,
    534,
    453,
    123,
    209,
    129,
    498,
    448,
    483,
    113,
    284,
    85,
    194,
    372,
    302,
    496,
    439,
    78,
    174,
    307,
    257,
    217,
    9,
    164,
    246,
    386,
    175,
    236,
    515,
    428,
    184,
    392,
    95,
    447,
    318,
    214,
    267,
    126,
    442,
    292,
    151,
    416,
    504,
    462,
    511,
    212,
    490,
    73,
    512,
    182,
    157,
    124,
    522,
    369,
    388,
    517,
    136,
    353,
    303,
    207,
    49,
    279,
    406,
    195,
    245,
    525,
    138,
    500,
    441,
    437,
    215,
    308,
    2,
    531,
    480,
    5,
    274,
    445,
    325,
    465,
    366,
    287,
    218,
    486,
    186,
    396,
    394,
    97,
    150,
    96,
    376,
    93,
    297,
    46,
    149,
    55,
    261,
    273,
    484,
    139,
    424,
    258,
    375,
    418,
    278,
    276,
    321,
    319,
    286,
    152,
    229,
    17,
    270,
    228,
    477,
    260,
    249,
    387,
    60,
    389,
    399,
    301,
    192,
    90,
    21,
    460,
    20,
    290,
    74,
    350,
    334,
    450,
    225,
    410,
    518,
    299,
    191,
    363,
    400,
    311,
    367,
    51,
    259
  ],