__sample_id__,__target__,Area,MajorAxisLength,MinorAxisLength,Eccentricity,ConvexArea,Extent,Perimeter
raisin_000000,1,87524,442.2460114,253.291155,0.819738392,90546,0.758650579,1184.04
raisin_000001,1,75166,406.690687,243.0324363,0.801805234,78789,0.68412957,1121.786
raisin_000002,1,90856,442.2670483,266.3283177,0.798353619,93717,0.637612812,1208.575
raisin_000003,1,45928,286.5405586,208.7600423,0.684989217,47336,0.699599385,844.162
raisin_000004,1,79408,352.1907699,290.8275329,0.56401133,81463,0.792771926,1073.251
